{
  "MAE": 1.7741885389847338,
  "RMSE": 2.1879875855361233,
  "R2": -0.11025498323431249
}